{
  "norm_stats": {
    "state": {
      "mean": [
        -0.08845144510269165,
        1.1673928499221802,
        0.6230873465538025,
        -0.14895884692668915,
        0.05195118859410286,
        -0.07186013460159302,
        0.7556198835372925,
        0.23606114089488983,
        1.3557955026626587,
        0.7595754265785217,
        -0.1116984635591507,
        0.06851498037576675,
        0.08992598205804825,
        0.43483465909957886
      ],
      "std": [
        0.116595059633255,
        0.6333377957344055,
        0.3519130349159241,
        0.2523372173309326,
        0.13036969304084778,
        0.11138352006673813,
        0.39440175890922546,
        0.2356027513742447,
        0.756079375743866,
        0.431717187166214,
        0.2697601914405823,
        0.14489935338497162,
        0.12975741922855377,
        0.4397857189178467
      ],
      "q01": [
        -0.41630243649482723,
        0.005064622025447898,
        0.023972838163375854,
        -0.9483066663622857,
        -0.19112169495821,
        -0.3914636632710695,
        0.010956763707567006,
        -0.37263490509986874,
        0.004845578905357979,
        0.014645304524712265,
        -0.9750358817577363,
        -0.4731061381816864,
        -0.1963654609799385,
        0.015834981249459087
      ],
      "q99": [
        0.19531439288854602,
        2.197982938200445,
        1.4867669396959244,
        0.35618312332630153,
        0.4674227512180805,
        0.14371740145087242,
        0.9978586932602338,
        0.8141964832544328,
        2.2458929815307727,
        1.5665440208313985,
        0.5004417033195496,
        0.3384737721443176,
        0.44980607087612157,
        0.9708225182892755
      ]
    },
    "actions": {
      "mean": [
        0.027225809171795845,
        -0.5932883024215698,
        -0.2717999815940857,
        -0.03701479360461235,
        -0.04007282480597496,
        0.0157015398144722,
        0.8775458335876465,
        -0.10614357143640518,
        -0.7061833143234253,
        -0.35655614733695984,
        0.0011114003136754036,
        -0.04600224271416664,
        -0.03226768597960472,
        0.7172954082489014
      ],
      "std": [
        0.09606806933879852,
        0.8179163336753845,
        0.42263635993003845,
        0.16369229555130005,
        0.11372645944356918,
        0.07863563299179077,
        0.2811105251312256,
        0.24439246952533722,
        0.988675594329834,
        0.5345326066017151,
        0.20836013555526733,
        0.11054035276174545,
        0.1238289326429367,
        0.39722946286201477
      ],
      "q01": [
        -0.2134783335208893,
        -2.0719396035671234,
        -1.2875101113319398,
        -0.49127950537204745,
        -0.41541059381961826,
        -0.18677059035301208,
        0.011314756676554676,
        -0.6976362956523896,
        -2.1485905955791473,
        -1.3521811125278473,
        -0.5547573983192444,
        -0.32324039459228515,
        -0.3506418144702912,
        0.0139829509742558
      ],
      "q99": [
        0.27035540423393245,
        1.3818981583118437,
        0.7007119762897491,
        0.3474301698684692,
        0.19005547661781308,
        0.2373009392380715,
        1.0080610405832529,
        0.6486277316331863,
        1.9133967503547673,
        0.9851628891944886,
        0.5694344254970549,
        0.22352213865518566,
        0.3163485676050185,
        0.9687554290816187
      ]
    }
  }
}